{
  "train_loss": [
    1.713294383127805,
    1.3645653979391115,
    1.2367712259292603,
    1.1567526661772334,
    1.1036877835917676,
    1.0526464501677075,
    1.0161721237704284,
    0.9812851988012634,
    0.9607001446251177,
    0.9327152383293521,
    0.9099827767097712,
    0.8925126125330259,
    0.8751966652707157,
    0.8597075001806276,
    0.8445224225351274,
    0.8250968906274888,
    0.8197353444887362,
    0.8044110375252205,
    0.7887567383611304,
    0.776295421300111,
    0.7706464337147878,
    0.7572981180288852,
    0.7512903352748295,
    0.7405970042247718,
    0.731304338175347,
    0.723732114517451,
    0.7173897128159504,
    0.7123831649791141,
    0.7032131270805315,
    0.69917398317587,
    0.6899365876135324,
    0.6844892072202133,
    0.6792064220817001,
    0.6759914198831954,
    0.6714658146230583,
    0.6632770654822346,
    0.6602843485326848,
    0.6570729937648502,
    0.6545030766742521,
    0.6477294226317664
  ],
  "val_loss": [
    1.5317859947681427,
    1.2383651793003083,
    1.2092096924781799,
    1.1345941483974458,
    1.0844440117478371,
    1.089432130753994,
    1.00010544359684,
    0.9337994158267975,
    0.9600091144442559,
    0.9445360288023948,
    0.9357228443026543,
    0.9027534529566765,
    0.949389462172985,
    0.9204460769891739,
    0.8634041279554368,
    0.8878550827503204,
    0.8558225989341736,
    0.8377443179488182,
    0.8565957143902778,
    0.8270983189344406,
    0.8235089406371117,
    0.8142134636640549,
    0.8174898266792298,
    0.8225217759609222,
    0.8631926000118255,
    0.8196710482239723,
    0.8059326529502868,
    0.8063510060310364,
    0.7979619562625885,
    0.794163028895855,
    0.7875034555792808,
    0.7870212748646737,
    0.7772117331624031,
    0.7755824670195579,
    0.7714666038751602,
    0.7886371493339539,
    0.7754635125398636,
    0.7816316187381744,
    0.7765651524066925,
    0.7856961071491242
  ],
  "train_acc": [
    45.79326923076923,
    63.53276353276353,
    70.2457264957265,
    74.3678774928775,
    76.99207621082621,
    79.63408119658119,
    81.09419515669515,
    82.85701566951568,
    83.70503917378917,
    85.20966880341881,
    86.23575498575498,
    87.15945512820512,
    87.96296296296296,
    88.49047364672364,
    89.29398148148148,
    90.14868233618233,
    90.38016381766381,
    90.95441595441595,
    91.80466524216524,
    92.30991809116809,
    92.61707621082621,
    93.22916666666667,
    93.35381054131054,
    93.83235398860398,
    94.26860754985755,
    94.79166666666667,
    95.02314814814815,
    95.17227564102564,
    95.4616274928775,
    95.66417378917379,
    96.07816951566952,
    96.37865028490029,
    96.61458333333333,
    96.76371082621083,
    96.89503205128206,
    97.24448005698005,
    97.32683404558405,
    97.50489672364672,
    97.4804131054131,
    97.82986111111111
  ],
  "val_acc": [
    56.0,
    69.48,
    71.26,
    74.7,
    77.4,
    76.9,
    81.42,
    83.9,
    83.18,
    82.98,
    84.18,
    85.06,
    82.24,
    84.46,
    86.86,
    85.96,
    87.78,
    88.06,
    86.92,
    88.9,
    88.84,
    89.28,
    89.32,
    89.18,
    87.46,
    88.98,
    89.7,
    90.16,
    89.96,
    90.14,
    90.4,
    90.12,
    90.98,
    90.88,
    90.84,
    90.08,
    90.84,
    91.08,
    90.6,
    90.1
  ],
  "lr": [
    0.001,
    0.0009997535269026829,
    0.0009990143508499217,
    0.0009977832013192385,
    0.0009960612933065818,
    0.0009938503261272714,
    0.00099115248173898,
    0.0009879704225884043,
    0.0009843072889837512,
    0.000980166695995633,
    0.0009755527298894294,
    0.0009704699440926358,
    0.0009649233547011817,
    0.0009589184355291487,
    0.000952461112706777,
    0.00094555775883209,
    0.0009382151866819101,
    0.0009304406424884702,
    0.000922241798788257,
    0.0009136267468501441,
    0.0009046039886902867,
    0.0008951824286816578,
    0.0008853713647665072,
    0.000875180479280415,
    0.0008646198293969955,
    0.0008536998372026809,
    0.0008424312794113805,
    0.0008308252767291645,
    0.0008188932828794709,
    0.0008066470732996622,
    0.0007940987335200908,
    0.0007812606472371397,
    0.0007681454840920092,
    0.000754766187167311,
    0.0007411359602138073,
    0.0007272682546199041,
    0.0007131767561367543,
    0.0006988753713720733,
    0.0006843782140659972,
    0.0006696995911625235
  ]
}